sample_id	cluster_id	size	mean	std
case	0	2	0.775	0.03535533905932741
case	1	5	0.9259999999999999	0.04219004621945797
case	2	2	0.21500000000000002	0.021213203435596416
case	3	1	0.3	0.0
